,,,,
👉👉👉 SWIPER: O MAIOR SWIPEFILE DO BRASIL (https://swiper.com.br/),,,,
CATEGORY,SUB-CATEGORY,BRAND,SITE,BIBLIOTECA
Saúde / Suplementos,Vaginal & Gut Health Probiotics for Women,My Nuora,https://mynuora.com/,https://www.facebook.com/ads/library/?active_status=active&ad_type=all&country=ALL&is_targeted_country=false&media_type=all&search_type=page&sort_data[direction]=desc&sort_data[mode]=total_impressions&view_all_page_id=663571616828831
Saúde / Suplementos,Crescimento Capilar,Scandinavian Bio Labs,https://scandinavianbiolabs.com,https://www.facebook.com/ads/library/?active_status=all&ad_type=all&country=ALL&view_all_page_id=108462620630298
Saúde / Suplementos,Nutrição Esportiva / Creatina,Create Wellness,https://trycreate.co,https://www.facebook.com/ads/library/?active_status=all&ad_type=all&country=ALL&view_all_page_id=107609622126543
Saúde / Suplementos,,Mars Men,https://marsmen.com,https://www.facebook.com/ads/library/?active_status=all&ad_type=all&country=ALL&view_all_page_id=721045304424016
Saúde / Suplementos,,MindBodyGreen,https://mindbodygreen.com,https://www.facebook.com/ads/library/?active_status=all&ad_type=all&country=ALL&view_all_page_id=100063544665428
Saúde / Suplementos,,Rheal Superfoods,https://rhealsuperfoods.com,https://www.facebook.com/ads/library/?active_status=all&ad_type=all&country=ALL&view_all_page_id=290192498058451
Saúde / Suplementos,,Beam Organics,https://beamorganics.com,https://www.facebook.com/ads/library/?active_status=all&ad_type=all&country=ALL&view_all_page_id=552302508548327
Saúde / Suplementos,,Gruns,https://gruns.co,https://www.facebook.com/ads/library/?active_status=all&ad_type=all&country=ALL&view_all_page_id=107585658730958
Saúde / Suplementos,Saúde intestinal,Gutsi,https://gutsi.com/,https://www.facebook.com/ads/library/?active_status=active&ad_type=all&country=US&is_targeted_country=false&media_type=all&search_type=page&sort_data[direction]=desc&sort_data[mode]=total_impressions&view_all_page_id=860781947119285
Saúde / Suplementos,,IM8 Health,https://im8health.com,https://www.facebook.com/ads/library/?active_status=all&ad_type=all&country=ALL&view_all_page_id=345914995276546
Saúde / Suplementos,,Liquid IV,https://liquid-iv.com,https://www.facebook.com/ads/library/?active_status=all&ad_type=all&country=ALL&q=liquid%20iv
Saúde / Suplementos,,Obvi,https://myobvi.com,https://www.facebook.com/ads/library/?active_status=all&ad_type=all&country=ALL&view_all_page_id=2431731276838642
Saúde / Suplementos,,Olipop,https://drinkolipop.com,https://www.facebook.com/ads/library/?active_status=all&ad_type=all&country=ALL&view_all_page_id=162352551085006
Saúde / Suplementos,,Absolute Collagen,https://absolutecollagen.com,https://www.facebook.com/ads/library/?active_status=all&ad_type=all&country=ALL&q=absolute%20collagen
Saúde / Suplementos,,Seed,https://seed.com,https://www.facebook.com/ads/library/?active_status=all&ad_type=all&country=ALL&q=seed%20probiotics
Saúde / Suplementos,,Moon Juice,https://moonjuice.com,https://www.facebook.com/ads/library/?active_status=all&ad_type=all&country=ALL&view_all_page_id=223389531083294
Saúde / Suplementos,,Manual,https://manual.co,https://www.facebook.com/ads/library/?active_status=all&ad_type=all&country=ALL&q=manual.co
Saúde / Suplementos,,Attaboylabs,https://attaboylabs.com,https://www.facebook.com/ads/library/?active_status=all&ad_type=all&country=ALL&q=attaboylabs
Saúde / Suplementos,Nutrição Esportiva / Creatina,Omni,https://omnicreatine.com/,https://www.facebook.com/ads/library/?active_status=active&ad_type=all&country=ALL&is_targeted_country=false&media_type=all&search_type=page&sort_data[direction]=desc&sort_data[mode]=total_impressions&view_all_page_id=411658438696105
Cuidado pessoal (Personal Care),,Hears Earplugs,https://gethears.com,https://www.facebook.com/ads/library/?active_status=all&ad_type=all&country=ALL&view_all_page_id=104639259311711
Cuidado pessoal (Personal Care),,Hello Klean,https://helloklean.com,https://www.facebook.com/ads/library/?active_status=all&ad_type=all&country=ALL&q=hello%20klean
Cuidado pessoal (Personal Care),,Supply co,https://supply.co,https://www.facebook.com/ads/library/?active_status=all&ad_type=all&country=ALL&q=supply.co
Cuidado pessoal (Personal Care),,Ever Eden,https://evereden.com,https://www.facebook.com/ads/library/?active_status=all&ad_type=all&country=ALL&q=evereden
Cuidado pessoal (Personal Care),,Jones Road Beauty,https://jonesroadbeauty.com,https://www.facebook.com/ads/library/?active_status=all&ad_type=all&country=ALL&view_all_page_id=107371600800343
Cuidado pessoal (Personal Care),,Glossier,https://glossier.com,https://www.facebook.com/ads/library/?active_status=all&ad_type=all&country=ALL&q=glossier
Cuidado pessoal (Personal Care),,Hismile,https://hismileteeth.com,https://www.facebook.com/ads/library/?active_status=all&ad_type=all&country=ALL&view_all_page_id=1573441899601646
Cuidado pessoal (Personal Care),,Bambu Earth,https://bambuearth.com,https://www.facebook.com/ads/library/?active_status=all&ad_type=all&country=ALL&view_all_page_id=115977923900
Cuidado pessoal (Personal Care),,Duradry,https://duradry.com,https://www.facebook.com/ads/library/?active_status=all&ad_type=all&country=ALL&q=duradry
Cuidado pessoal (Personal Care),,Histrips,https://histrips.com,https://www.facebook.com/ads/library/?active_status=all&ad_type=all&country=ALL&q=histrips
Cuidado pessoal (Personal Care),,Respire Strips,https://respirestrips.com,https://www.facebook.com/ads/library/?active_status=all&ad_type=all&country=ALL&q=respire%20strips
Cuidado pessoal (Personal Care),,Suri Toothbrush,https://trysuri.com,https://www.facebook.com/ads/library/?active_status=all&ad_type=all&country=ALL&view_all_page_id=102720945428638
Cuidado pessoal (Personal Care),,Loop Earplugs,https://loopearplugs.com,https://www.facebook.com/ads/library/?active_status=all&ad_type=all&country=ALL&view_all_page_id=104639259311711
Cuidado pessoal (Personal Care),,Live Larq,https://livelarq.com,https://www.facebook.com/ads/library/?active_status=all&ad_type=all&country=ALL&view_all_page_id=233462676066831
Cuidado pessoal (Personal Care),,Nord Scents,https://nordscents.com,https://www.facebook.com/ads/library/?active_status=all&ad_type=all&country=ALL&q=nord%20scents
Home / Kitchen,,Mothers Earth,https://mothersearth.com,https://www.facebook.com/ads/library/?active_status=all&ad_type=all&country=ALL&q=mothers%20earth
Home / Kitchen,,Mellow Sleep,https://mellowsleep.com,https://www.facebook.com/ads/library/?active_status=all&ad_type=all&country=ALL&q=mellow%20sleep
Home / Kitchen,,Lick Paint,https://lick.com,https://www.facebook.com/ads/library/?active_status=all&ad_type=all&country=ALL&q=lick%20paint
Home / Kitchen,,Khoy Company,https://khoy.com,https://www.facebook.com/ads/library/?active_status=all&ad_type=all&country=ALL&q=khoy%20company
Home / Kitchen,,Laundry Sauce,https://laundrysauce.com,https://www.facebook.com/ads/library/?active_status=all&ad_type=all&country=ALL&view_all_page_id=106203414663438
Home / Kitchen,,Hexclad,https://hexclad.com,https://www.facebook.com/ads/library/?active_status=all&ad_type=all&country=ALL&view_all_page_id=306050696452078
Home / Kitchen,,Brooklinen,https://brooklinen.com,https://www.facebook.com/ads/library/?active_status=all&ad_type=all&country=ALL&view_all_page_id=588785404473852
Home / Kitchen,,Eight Sleep,https://eightsleep.com,https://www.facebook.com/ads/library/?active_status=all&ad_type=all&country=ALL&q=eight%20sleep
Fashion / Accessories,,True Classic,https://trueclassictees.com,https://www.facebook.com/ads/library/?active_status=all&ad_type=all&country=ALL&q=true%20classic
Fashion / Accessories,,Ridge Wallet,https://ridge.com,https://www.facebook.com/ads/library/?active_status=all&ad_type=all&country=ALL&q=ridge%20wallet
Fashion / Accessories,,Burga,https://burga.com,https://www.facebook.com/ads/library/?active_status=all&ad_type=all&country=ALL&q=burga
Fashion / Accessories,,Ekster,https://ekster.com,https://www.facebook.com/ads/library/?active_status=all&ad_type=all&country=ALL&q=ekster
Fashion / Accessories,,Tropic Feel,https://tropicfeel.com,https://www.facebook.com/ads/library/?active_status=all&ad_type=all&country=ALL&q=tropic%20feel
Fashion / Accessories,,Halara,https://thehalara.com,https://www.facebook.com/ads/library/?active_status=all&ad_type=all&country=ALL&q=halara
Fashion / Accessories,,OrbitKey,https://orbitkey.com,https://www.facebook.com/ads/library/?active_status=all&ad_type=all&country=ALL&q=orbitkey
Fashion / Accessories,,Braxley,https://braxleybands.com/,https://www.facebook.com/ads/library/?active_status=active&ad_type=all&country=US&is_targeted_country=false&media_type=all&search_type=page&sort_data[direction]=desc&sort_data[mode]=total_impressions&view_all_page_id=1667321650226474
Pets,,PetLab Co,https://thepetlabco.com,https://www.facebook.com/ads/library/?active_status=all&ad_type=all&country=ALL&view_all_page_id=177930899801067
Pets,,Wuffes,https://wuffes.com,https://www.facebook.com/ads/library/?active_status=all&ad_type=all&country=ALL&q=wuffes
Pets,,Itch,https://itchpet.com,https://www.facebook.com/ads/library/?active_status=all&ad_type=all&country=ALL&q=itch%20pet
Pets,,Tuft & Paw,https://tuftandpaw.com,https://www.facebook.com/ads/library/?active_status=all&ad_type=all&country=ALL&q=tuft%20and%20paw
Pets,,Tractive,https://tractive.com,https://www.facebook.com/ads/library/?active_status=all&ad_type=all&country=ALL&q=tractive
Pets,,Petlibro,https://petlibro.com,https://www.facebook.com/ads/library/?active_status=all&ad_type=all&country=ALL&q=petlibro
Pets,,ST ARGO,https://stargo.co,https://www.facebook.com/ads/library/?active_status=all&ad_type=all&country=ALL&q=st%20argo